ACESSÓRIO BELLE ÉPOQUE;2010010;2010C52;SABONETEIRA DE PAREDE COM CRISTAL
ACESSÓRIO BELLE ÉPOQUE;2011142;2011C  ;SABONETEIRA DE PAREDE COM LOUÇA
ACESSÓRIO BELLE ÉPOQUE;2018143;2018C  ;SABONETEIRA DE MESA COM LOUÇA 
ACESSÓRIO BELLE ÉPOQUE;2021141;2021C  ;PAPELEIRA COM PROTETOR 
ACESSÓRIO BELLE ÉPOQUE;2030010;2030C52;PRATELEIRA
ACESSÓRIO BELLE ÉPOQUE;2040010;2040C52;PORTA TOALHA BARRA      
ACESSÓRIO BELLE ÉPOQUE;2041141;2041C  ;PORTA TOALHA BARRA ARTICULADO 
ACESSÓRIO BELLE ÉPOQUE;2050010;2050C52;PORTA TOALHA ARGOLA
ACESSÓRIO BELLE ÉPOQUE;2060010;2060C52;CABIDE
ACESSÓRIO BELLE ÉPOQUE;1984030;1984C52ACT;DUCHA MANUAL ACTIVA-REGISTRO COM DERIVAÇÃO
ACESSÓRIO BELLE ÉPOQUE;1430000;1430C52012;MISTURADOR PARA BANHEIRA  1/2  DN15 
