BELLE ÉPOQUE LIGHT;2011200;2011C51;SABONETEIRA PAREDE COMLOUÇA
BELLE ÉPOQUE LIGHT;2020200;2020C51;PAPELEIRA
BELLE ÉPOQUE LIGHT;2030201;2030D51;PRATELEIRA
BELLE ÉPOQUE LIGHT;2040200;2040C51;PORTA TOALHA BARRA
BELLE ÉPOQUE LIGHT;2050200;2050C51;PORTA TOALHA ARGOLA
BELLE ÉPOQUE LIGHT;2060200;2060C51;CABIDE
BELLE ÉPOQUE LIGHT;1193110;1193C51;TORNEIRA PARA LAVATÓRIODN15/20
BELLE ÉPOQUE LIGHT;1198210;1198C51;TORNEIRA PARA LAVATÓRIO
BELLE ÉPOQUE LIGHT;1875705;1875C51;MISTURADOR PARA LAVATÓRIO
BELLE ÉPOQUE LIGHT;1984081;1984C51ACT ;DUCHA MANUAL ACTIVA-REGISTRO COM DERIVAÇÃO
