WINDSOR;2010059;2010C81;SABONETEIRA
WINDSOR;2011059;2011C81;SABONETEIRA PAREDE COM  LOUÇA
WINDSOR;2018059;2018C81;SABONETEIRA DE MESA COM LOUÇA 
WINDSOR;2021059;2021C81;PAPELEIRA COM PROTETOR
WINDSOR;2030059;2030C81;PRATELEIRA
WINDSOR;2040059;2040C81;PORTA TOALHA BARRA      
WINDSOR;2041059;2041C81;PORTA TOALHA BARRA ARTICULADO  
WINDSOR;2050059;2050C81;PORTA TOALHA ARGOLA
WINDSOR;2060059;2060C81;CABIDE
WINDSOR;1984159;1984C81ACT;DUCHA MANUAL ACTIVA-REGISTRO COM DERIVAÇÃO
WINDSOR;1875061;1875C81P;MISTURADOR PARA LAVATÓRIO COM POP-UP
WINDSOR;1198056;1198C81;TORNEIRA PARA LAVATÓRIO
