BELLE ÉPOQUE CLÁSSICO;2011001;2011C58;SABONETEIRA PAREDE COM  LOUÇA
BELLE ÉPOQUE CLÁSSICO;2021001;2021C58;PAPELEIRA COM PROTETOR
BELLE ÉPOQUE CLÁSSICO;2030001;2030C58;PRATELEIRA
BELLE ÉPOQUE CLÁSSICO;2040001;2040C58;PORTA TOALHA BARRA      
BELLE ÉPOQUE CLÁSSICO;2050001;2050C58;PORTA TOALHA ARGOLA
BELLE ÉPOQUE CLÁSSICO;2060001;2060C58;CABIDE
BELLE ÉPOQUE CLÁSSICO;2090001;2090C58;PORTA COPO
BELLE ÉPOQUE CLÁSSICO;1984055;1984C58ACT;DUCHA MANUAL ACTIVA-REGISTRO COM DERIVAÇÃO
BELLE ÉPOQUE CLÁSSICO;1877040;1877C58015;MISTURADOR PARA LAVATÓRIO BICA ALTA OLD FASHION
BELLE ÉPOQUE CLÁSSICO;1875195;1875C58;MISTURADOR PARA LAVATÓRIO BICA BAIXA
BELLE ÉPOQUE CLÁSSICO;1198016;1198D58;TORNEIRA PARA LAVATÓRIO
